id	contig	start	end	motif
SCA37_DAB1	chr1	57367078	57367121	GAAAT
OPDM5_ABCD3	chr1	94418421	94418444	GCC
NIID_NOTCH2NLC	chr1	149390802	149390842	GGC
NME_NAXE	chr1	156591765	156591783	GGGCC
FAME2_STARD7	chr2	96197066	96197069	AAATG
FRA2A_AFF3	chr2	100104798	100104824	GCC
SD5_HOXD13	chr2	176093058	176093103	GCN
GDPAG_GLS	chr2	190880872	190880920	GCA
SCA7_ATXN7	chr3	63912684	63912715	CAG
SCA7_ATXN7_CCG	chr3	63912715	63912727	CCG
DM2_CNBP	chr3	129172576	129172656	CAGG
DM2_CNBP_CAGA	chr3	129172656	129172696	CAGA
DM2_CNBP_CA	chr3	129172696	129172734	CA
BPES_FOXL2	chr3	138946019	138946062	NGC
FAME4_YEATS2	chr3	183712222	183712226	TTTCA
HD_HTT	chr4	3074876	3074927	CAG
HD_HTT_CCG	chr4	3074933	3074969	CCG
CANVAS_RFC1	chr4	39348479	39348483	AAGGG
CCHS_PHOX2B	chr4	41745972	41746032	GCN
FAME7_RAPGEF2	chr4	159342611	159342618	TTTCA
FAME3_MARCHF6	chr5	10356403	10356411	TTTCA
SCA12_PPP2R2B	chr5	146878727	146878759	GCT
SCA1_ATXN1	chr6	16327633	16327724	CTG
CCD_RUNX2	chr6	45422750	45422801	GCN
SCA17_TBP	chr6	170561906	170562017	GCA
HFG_HOXA13-III	chr7	27199678	27199732	NGC
HFG_HOXA13-II	chr7	27199825	27199861	NGC
HFG_HOXA13-I	chr7	27199924	27199966	NGC
FRA7A_ZNF713	chr7	55887600	55887639	GCG
OPDM1_LRP12	chr8	104588970	104588999	CGC
FAME1_SAMD12	chr8	118366912	118366918	TGAAA
FTDALS1_C9orf72	chr9	27573484	27573546	GGCCCC
FRDA_FXN_A	chr9	69037270	69037286	A
FRDA_FXN	chr9	69037286	69037304	GAA
HSAN-VIII_PRDM12	chr9	130681605	130681641	GCC
OPML1_NUTM2B-AS1	chr10	79826383	79826404	GGC
JBS_CBL	chr11	119206289	119206323	CGG
DRPLA_ATN1	chr12	6936716	6936775	CAG
FRA12A_DIP2B	chr12	50505001	50505024	GGC
SCA2_ATXN2	chr12	111598949	111599019	CTG
OPDM4_RILPL1	chr12	123533720	123533750	GGC
SCA8_ATXN8OS_CTA	chr13	70139353	70139383	CTA
SCA8_ATXN8OS	chr13	70139383	70139429	CTG
HPE5_ZIC2	chr13	99985448	99985494	GCN
SCA27B_FGF14	chr13	102161574	102161726	GAA
OPMD_PABPN1	chr14	23321472	23321503	GCN
SCA3_ATXN3	chr14	92071010	92071052	CTG
ALS1_NIPA1	chr15	22786677	22786703	GCG
MIR7-2_CHNG3	chr15	88569433	88569452	TTTG
CPEO_POLG_GCT	chr15	89333579	89333585	GCT
CPEO_POLG_GTT	chr15	89333585	89333588	GTT
CPEO_POLG	chr15	89333588	89333629	GCT
DBQD2_XYLT1	chr16	17470907	17470922	GCC
FAME6_TNRC6A	chr16	24613488	24613532	TTTCA
SCA31_BEAN1	chr16	66490396	66490466	TGGAA
SCA_THAP11	chr16	67842862	67842950	CAG
SCA4_ZFHX3	chr16	72787694	72787758	GCC
HDL2_JPH3	chr16	87604282	87604329	CTG
FAME8_RAI1	chr17	17808448	17808460	TTTCA
RCPS_EIF4A3	chr17	80147009	80147139	CCTCGCTGTGCCGCTGCCGA
CPUM_TYMS	chr18	666891	667632	GATGGT
FECD3_TCF4	chr18	55586153	55586229	CAG
MRUPAV_PLIN4	chr19	4510727	4513659	TGGTGTCCACGCCGGTCTGGATGGTTCCTTTGGCCACATTCATGGCACCAGTCACCCCACTACAGACGGTGTCCTTGGTACCTGTTAGGACAGTCTTAC
SCA6_CACNA1A	chr19	13207858	13207898	CTG
OPDM2_GIPC1	chr19	14496041	14496075	CCG
EDM1-PSACH_COMP	chr19	18786034	18786050	GTC
DM1_DMPK	chr19	45770204	45770266	CAG
SCA36_NOP56	chr20	2652732	2652757	GGCCTG
SCA36_NOP56_CGCCTG	chr20	2652757	2652775	CGCCTG
CJD_PRNP_CCTCAGGGCGGTGGTGGCTGGGGGCAG	chr20	4699370	4699397	CCTCAGGGCGGTGGTGGCTGGGGGCAG
CJD_PRNP	chr20	4699397	4699493	CCTCATGGTGGTGGCTGGGGGCAG
EPM1_CSTB	chr21	43776442	43776479	CGCGGGGCGGGG
TOF_TBX1	chr22	19766762	19766807	GCN
SCA10_ATXN10	chr22	45795354	45795424	ATTCT
PRTS_ARX	chrX	25013529	25013565	NGC
EIEE1_ARX	chrX	25013649	25013697	NGC
DMD_DMD	chrX	31284557	31284605	TTC
DMD_DMD_T	chrX	31284605	31284613	T
SBMA_AR	chrX	67545316	67545419	GCA
XDP_TAF1	chrX	71453054	71453131	AGAGGG
VACTERLX_ZIC3	chrX	137566826	137566856	GCN
XLMR_SOX3	chrX	140504316	140504361	NGC
FXS_FMR1	chrX	147912049	147912111	CGG
FRAXE_AFF2	chrX	148500604	148500753	GCC
